# Annual U.S. market and price history, January to January.
# Source: Robert J. Shiller, ie_data.xls (https://shillerdata.com/), Data sheet.
# stocks: S&P Composite nominal total return (dividends reinvested).
# bonds: 10-year Treasury nominal total return.
# inflation: CPI-U change.
# Nominal = (1 + Shiller's real total return) * (1 + inflation) - 1.
# Regenerate: node scripts/build-historical-data.mjs <ie_data.xls>
year,stocks,bonds,inflation
1871,0.156448,0.051486,0.015270
1872,0.112347,0.038467,0.022555
1873,-0.024675,0.065574,-0.044121
1874,0.047129,0.087022,-0.069226
1875,0.053542,0.089795,-0.057856
1876,-0.141699,0.057916,0.008774
1877,-0.013361,0.054125,-0.156525
1878,0.162533,0.053819,-0.103088
1879,0.494132,0.059091,0.206900
1880,0.266867,0.067058,-0.057146
1881,0.003061,0.044148,0.080808
1882,0.036140,0.035994,-0.018687
1883,-0.054846,0.037723,-0.076198
1884,-0.123767,0.044986,-0.103088
1885,0.298957,0.048132,-0.034484
1886,0.119400,0.022025,0.000000
1887,-0.006287,0.023647,0.047623
1888,0.032902,0.055418,-0.045458
1889,0.070646,0.037511,-0.047619
1890,-0.061584,0.018558,0.025000
1891,0.188833,0.038434,-0.060976
1892,0.061550,0.024512,0.077923
1893,-0.187969,0.042207,-0.132531
1894,0.035553,0.057374,-0.041666
1895,0.049586,0.023801,0.014492
1896,0.032194,0.053076,-0.028571
1897,0.203732,0.038648,0.029412
1898,0.293421,0.054893,0.014286
1899,0.036805,0.027307,0.169014
1900,0.209518,0.036114,-0.024097
1901,0.194644,0.024837,0.024692
1902,0.082884,0.022413,0.096386
1903,-0.170872,0.025321,-0.043956
1904,0.321017,0.028007,0.022983
1905,0.213055,0.039461,0.000000
1906,0.006989,0.015481,0.044944
1907,-0.241829,0.021302,-0.021501
1908,0.394236,0.048306,0.032964
1909,0.161882,0.026244,0.106387
1910,-0.033794,0.034209,-0.067313
1911,0.035209,0.038135,-0.010303
1912,0.071793,0.006578,0.072914
1913,-0.047377,0.068626,0.020408
1914,-0.054699,0.036071,0.010000
1915,0.312190,0.058474,0.029703
1916,0.082342,0.027040,0.125000
1917,-0.185380,0.016719,0.196581
1918,0.180649,0.052170,0.178571
1919,0.196281,0.010095,0.169697
1920,-0.139772,0.041673,-0.015544
1921,0.100825,0.115626,-0.110526
1922,0.291281,0.039130,-0.005917
1923,0.054573,0.068592,0.029762
1924,0.271165,0.057534,0.000000
1925,0.258727,0.053943,0.034682
1926,0.115647,0.065594,-0.022346
1927,0.371595,0.034739,-0.011429
1928,0.476212,0.011982,-0.011561
1929,-0.094270,0.062317,0.000000
1930,-0.227271,0.029295,-0.070175
1931,-0.442641,0.006557,-0.100629
1932,-0.061641,0.068137,-0.097902
1933,0.566645,0.049436,0.023256
1934,-0.080049,0.059612,0.030303
1935,0.549564,0.040138,0.014706
1936,0.327169,0.024292,0.021739
1937,-0.320824,0.037347,0.007092
1938,0.172736,0.043103,-0.014085
1939,0.030570,0.036823,-0.007143
1940,-0.088789,0.045107,0.014388
1941,-0.090702,-0.023256,0.113475
1942,0.216061,0.024027,0.076433
1943,0.236215,0.024130,0.029586
1944,0.196920,0.034520,0.022989
1945,0.393633,0.039542,0.022472
1946,-0.120326,0.016970,0.181319
1947,0.026345,0.006600,0.102326
1948,0.095681,0.035859,0.012658
1949,0.176096,0.022489,-0.020833
1950,0.345809,0.002364,0.080851
1951,0.218857,0.016738,0.043307
1952,0.146893,0.014585,0.003774
1953,0.030259,0.060252,0.011278
1954,0.468254,0.012624,-0.007435
1955,0.289401,0.002981,0.003745
1956,0.068774,-0.015863,0.029851
1957,-0.058012,0.069256,0.036232
1958,0.403758,-0.043756,0.013986
1959,0.076476,-0.012951,0.010345
1960,0.065455,0.117971,0.017065
1961,0.190967,0.019236,0.006711
1962,-0.025801,0.061566,0.013333
1963,0.212324,0.012293,0.016447
1964,0.160016,0.040981,0.009709
1965,0.116227,0.009144,0.019231
1966,-0.064022,0.052353,0.034591
1967,0.161221,-0.023125,0.036474
1968,0.106298,0.017886,0.043988
1969,-0.085467,-0.057115,0.061798
1970,0.075405,0.199506,0.052910
1971,0.139945,0.085366,0.032663
1972,0.178716,0.024488,0.036496
1973,-0.162720,0.030163,0.093897
1974,-0.210570,0.039941,0.118026
1975,0.391990,0.064369,0.067179
1976,0.112464,0.118726,0.052158
1977,-0.089927,0.022166,0.068376
1978,0.162753,0.008022,0.092800
1979,0.171702,-0.012962,0.139092
1980,0.260645,0.006756,0.118252
1981,-0.071929,0.027530,0.083908
1982,0.301344,0.431972,0.037116
1983,0.203866,0.038687,0.041922
1984,0.079408,0.149960,0.035329
1985,0.264065,0.270573,0.038863
1986,0.314130,0.242800,0.014599
1987,-0.023768,-0.026351,0.040468
1988,0.179599,0.061969,0.046672
1989,0.230107,0.152685,0.052023
1990,-0.008277,0.097304,0.056515
1991,0.319560,0.163260,0.026003
1992,0.077425,0.105266,0.032585
1993,0.117099,0.128193,0.025245
1994,0.011625,-0.073082,0.028044
1995,0.353293,0.243504,0.027279
1996,0.273799,-0.005264,0.030440
1997,0.279168,0.150144,0.015713
1998,0.315153,0.122114,0.016708
1999,0.155788,-0.086709,0.027389
2000,-0.052137,0.186630,0.037322
2001,-0.134734,0.060409,0.011422
2002,-0.201255,0.131814,0.025974
2003,0.285842,0.031009,0.019263
2004,0.060602,0.036807,0.029698
2005,0.101416,0.026671,0.039853
2006,0.133949,0.020747,0.020756
2007,-0.014236,0.136037,0.042803
2008,-0.356304,0.147711,0.000298
2009,0.332576,-0.068747,0.026257
2010,0.163875,0.060972,0.016318
2011,0.034080,0.161510,0.029252
2012,0.162260,0.023226,0.015949
2013,0.256086,-0.059099,0.015789
2014,0.134790,0.117725,-0.000893
2015,-0.034418,0.002090,0.013731
2016,0.211129,-0.012519,0.025000
2017,0.249941,0.009945,0.020705
2018,-0.047478,0.017521,0.015512
2019,0.281501,0.110340,0.024866
2020,0.178649,0.073093,0.013998
2021,0.222143,-0.047918,0.074799
2022,-0.120094,-0.118956,0.064101
2023,0.235345,-0.005185,0.030909
2024,0.258191,-0.004539,0.030005
2025,0.173308,0.079187,0.023864
