scenario,year,net_worth,taxes,withdrawal_taxes,early_withdrawal_penalty,withdrawn:joint-brokerage,withdrawn:alex-401k,withdrawn:jordan-403b,withdrawn:jordan-roth-ira,withdrawn:alex-roth-ira,withdrawn:alex-hsa,withdrawn:emergency-savings
base-plan,2026,886906.100000,39232.000000,0.000000,0.000000,0.000000,0.000000,0.000000,0.000000,0.000000,0.000000,0.000000
base-plan,2027,1003489.519670,40027.576000,0.000000,0.000000,0.000000,0.000000,0.000000,0.000000,0.000000,0.000000,0.000000
base-plan,2028,1130103.547429,40813.950800,0.000000,0.000000,0.000000,0.000000,0.000000,0.000000,0.000000,0.000000,0.000000
base-plan,2029,1277819.442261,41616.323769,0.000000,0.000000,0.000000,0.000000,0.000000,0.000000,0.000000,0.000000,0.000000
base-plan,2030,1437781.614624,42429.198597,0.000000,0.000000,0.000000,0.000000,0.000000,0.000000,0.000000,0.000000,0.000000
base-plan,2031,1611577.159770,43645.856108,392.273003,102.972273,261.314219,662.759939,366.962788,152.428731,30.852200,55.559200,40.684942
base-plan,2032,1799018.444386,44686.483570,132.126130,34.575523,88.817608,224.127716,121.627515,52.511187,13.025153,19.232760,12.588719
base-plan,2033,2000776.118753,46011.558148,124.820453,32.564706,84.453976,212.459486,113.187574,50.664644,14.575973,18.570111,10.956885
base-plan,2034,2217834.866735,47351.861738,349.021680,90.788949,237.202114,595.826629,312.062866,144.495539,46.573708,53.509630,28.301068
base-plan,2035,2451494.562635,48482.827365,59.957270,15.551880,40.861970,102.617177,52.901620,25.245220,8.876800,9.416040,4.501648
base-plan,2036,2702609.705644,49908.438028,33.235074,8.596880,22.682860,57.009726,28.959074,14.219947,5.368781,5.323000,2.315542
base-plan,2037,2971441.702893,51382.542509,0.000000,0.000000,0.000000,0.000000,0.000000,0.000000,0.000000,0.000000,0.000000
base-plan,2038,3259905.128670,52922.962653,0.000000,0.000000,0.000000,0.000000,0.000000,0.000000,0.000000,0.000000,0.000000
base-plan,2039,3569490.584642,54512.183559,0.000000,0.000000,0.000000,0.000000,0.000000,0.000000,0.000000,0.000000,0.000000
base-plan,2040,3900291.761529,56151.298333,0.000000,0.000000,0.000000,0.000000,0.000000,0.000000,0.000000,0.000000,0.000000
base-plan,2041,4254964.660768,57843.462855,0.000000,0.000000,0.000000,0.000000,0.000000,0.000000,0.000000,0.000000,0.000000
base-plan,2042,4430716.290793,47790.689194,22359.905148,0.000000,21641.923732,55223.978237,26568.379513,14952.874420,6852.912482,5309.526105,1499.027814
base-plan,2043,4543585.045765,45431.446334,26863.676309,0.000000,29706.561936,75802.620421,36964.751913,21198.326378,9406.579175,7151.007760,1973.462591
base-plan,2044,4650396.311388,33249.082280,22377.870680,0.000000,30157.694431,76953.781074,37815.919809,22022.941138,9549.430224,7123.082148,1921.486424
base-plan,2045,4662816.733912,22528.766132,21696.840907,0.000000,42133.836285,107513.457993,52525.267553,30933.541269,13341.674066,9764.629716,2574.736946
base-plan,2046,4667793.279237,22798.202017,21967.744057,0.000000,43491.757719,110978.483774,53902.010939,32101.627670,13771.659721,9889.781459,2549.009764
base-plan,2047,4664183.494608,23478.416791,22649.432800,0.000000,44956.864929,114717.016895,55392.984355,33360.885310,14235.585738,10030.687767,2527.104695
base-plan,2048,4674351.900035,24069.662095,23242.162277,0.000000,42896.035804,109458.372417,52545.634777,32002.224246,13583.024450,9390.891271,2312.634782
base-plan,2049,4806386.468857,24173.273047,23347.098350,0.000000,24276.537006,61946.755191,29564.256217,18208.375311,7687.162451,5214.724246,1255.276236
base-plan,2050,4971388.431768,23188.216008,21808.770179,0.000000,20507.193750,52328.472985,24828.312005,15463.654979,6493.600373,4322.209425,1017.001243
base-plan,2051,5142090.614989,24014.244050,22627.839430,0.000000,21263.862641,54259.274835,25594.335341,16120.166778,6733.199484,4397.407257,1011.393329
base-plan,2052,5318717.122640,24861.877137,23469.317833,0.000000,22043.274916,56248.111273,26377.798885,16800.605935,6980.000285,4472.863108,1005.580218
base-plan,2053,5501502.517676,25731.457534,24333.345867,0.000000,22846.052449,58296.569143,27179.054412,17505.779492,7234.199692,4548.577706,999.572849
base-plan,2054,5681207.894861,35416.906186,9975.123376,0.000000,9743.204629,118051.724731,11523.535269,7505.740821,3085.184545,1903.361287,408.853559
base-plan,2055,5866654.920682,36511.264207,9897.351717,0.000000,10040.216118,122230.482143,11805.590390,7776.000092,3179.233196,1924.497842,404.084040
base-plan,2056,6053379.780029,42232.955186,3038.807231,0.000000,2906.054595,109462.348629,51037.166545,2262.759624,920.201829,546.554023,112.174743
base-plan,2057,6245818.705545,43757.426314,2591.862578,0.000000,2574.359773,114180.624470,52906.399741,2015.233380,815.170705,475.065537,95.306656
base-plan,2058,6444130.986058,45362.955084,2143.707245,0.000000,2214.168686,119260.193991,54689.258215,1742.562115,701.116242,400.912825,78.618974
base-plan,2059,6648493.611543,47041.638863,1610.026525,0.000000,1731.633136,124546.088068,56754.464432,1370.108331,548.321419,307.645163,58.970558
base-plan,2060,6859121.015329,48768.122957,1139.116078,0.000000,1277.411984,129721.082408,59048.458898,1016.135118,404.492347,222.679455,41.722758
base-plan,2061,7076114.593028,50659.347434,524.632356,0.000000,614.364188,135662.274340,61365.294580,491.323824,194.538344,105.082408,19.245562
base-plan,2062,7299775.433042,52531.700401,35.871371,0.000000,43.927028,141531.239212,63665.173964,35.317927,13.909488,7.372095,1.319773
base-plan,2063,7529457.722768,55297.206910,0.000000,0.000000,0.000000,149541.784942,66909.735740,0.000000,0.000000,0.000000,0.000000
base-plan,2064,7765608.183046,57886.586883,0.000000,0.000000,0.000000,157049.717182,69944.300167,0.000000,0.000000,0.000000,0.000000
base-plan,2065,8008316.333456,60663.536312,0.000000,0.000000,0.000000,164824.711404,73511.917444,0.000000,0.000000,0.000000,0.000000
base-plan,2066,8257881.930108,63432.101985,0.000000,0.000000,0.000000,172856.482237,76752.598435,0.000000,0.000000,0.000000,0.000000
base-plan,2067,8537324.652341,50515.428388,0.000000,0.000000,0.000000,179807.331585,80082.752295,0.000000,0.000000,0.000000,0.000000
base-plan,2068,8800976.828362,78650.019951,0.000000,0.000000,0.000000,188260.366952,83495.501029,0.000000,0.000000,0.000000,0.000000
base-plan,2069,9072761.643383,81338.566679,0.000000,0.000000,0.000000,195291.583034,86346.659079,0.000000,0.000000,0.000000,0.000000
base-plan,2070,9352879.238591,84208.533972,0.000000,0.000000,0.000000,202274.530769,89878.906790,0.000000,0.000000,0.000000,0.000000
base-plan,2071,9641984.340397,86839.121753,0.000000,0.000000,0.000000,209143.436709,92692.190243,0.000000,0.000000,0.000000,0.000000
base-plan,2072,10028029.450214,74759.869863,0.000000,0.000000,0.000000,215817.390140,95446.840934,0.000000,0.000000,0.000000,0.000000
retire-two-years-early,2026,886906.100000,39232.000000,0.000000,0.000000,0.000000,0.000000,0.000000,0.000000,0.000000,0.000000,0.000000
retire-two-years-early,2027,1003489.519670,40027.576000,0.000000,0.000000,0.000000,0.000000,0.000000,0.000000,0.000000,0.000000,0.000000
retire-two-years-early,2028,1130103.547429,40813.950800,0.000000,0.000000,0.000000,0.000000,0.000000,0.000000,0.000000,0.000000,0.000000
retire-two-years-early,2029,1277819.442261,41616.323769,0.000000,0.000000,0.000000,0.000000,0.000000,0.000000,0.000000,0.000000,0.000000
retire-two-years-early,2030,1437781.614624,42429.198597,0.000000,0.000000,0.000000,0.000000,0.000000,0.000000,0.000000,0.000000,0.000000
retire-two-years-early,2031,1611577.159770,43645.856108,392.273003,102.972273,261.314219,662.759939,366.962788,152.428731,30.852200,55.559200,40.684942
retire-two-years-early,2032,1799018.444386,44686.483570,132.126130,34.575523,88.817608,224.127716,121.627515,52.511187,13.025153,19.232760,12.588719
retire-two-years-early,2033,2000776.118753,46011.558148,124.820453,32.564706,84.453976,212.459486,113.187574,50.664644,14.575973,18.570111,10.956885
retire-two-years-early,2034,2217834.866735,47351.861738,349.021680,90.788949,237.202114,595.826629,312.062866,144.495539,46.573708,53.509630,28.301068
retire-two-years-early,2035,2451494.562635,48482.827365,59.957270,15.551880,40.861970,102.617177,52.901620,25.245220,8.876800,9.416040,4.501648
retire-two-years-early,2036,2702609.705644,49908.438028,33.235074,8.596880,22.682860,57.009726,28.959074,14.219947,5.368781,5.323000,2.315542
retire-two-years-early,2037,2971441.702893,51382.542509,0.000000,0.000000,0.000000,0.000000,0.000000,0.000000,0.000000,0.000000,0.000000
retire-two-years-early,2038,3259905.128670,52922.962653,0.000000,0.000000,0.000000,0.000000,0.000000,0.000000,0.000000,0.000000,0.000000
retire-two-years-early,2039,3569490.584642,54512.183559,0.000000,0.000000,0.000000,0.000000,0.000000,0.000000,0.000000,0.000000,0.000000
retire-two-years-early,2040,3704242.412716,48229.845040,24260.473921,2623.528784,21018.858250,53241.079636,26235.287836,14173.612713,6085.689143,5071.005458,1655.720581
retire-two-years-early,2041,3780321.495325,43633.555026,26129.979286,598.109105,28309.963791,71709.558093,35886.546329,19803.086097,8196.717311,6701.611223,2138.847977
retire-two-years-early,2042,3808640.229950,39053.399455,28436.817296,0.000000,34896.991916,88394.598013,44643.723942,25055.012769,10103.890625,8105.557069,2528.664862
retire-two-years-early,2043,3731476.185760,29287.344834,28457.983920,0.000000,48077.042484,121779.861549,61146.401377,34702.905299,13919.972816,10956.896969,3341.209458
retire-two-years-early,2044,3682196.209394,23387.408764,22560.240896,0.000000,43144.157670,109284.791166,54552.654943,31309.169060,12491.731415,9647.766585,2875.746702
retire-two-years-early,2045,3634602.404624,22724.816395,21899.475827,0.000000,42508.371950,107674.336507,53435.405207,31013.121110,12307.649377,9326.833513,2717.476427
retire-two-years-early,2046,3575816.504432,22997.719350,22174.103350,0.000000,43878.317085,111144.427850,54835.945387,32184.177976,12704.296052,9446.363946,2690.320081
retire-two-years-early,2047,3504459.895849,23681.886446,22860.005608,0.000000,45356.406281,114888.449702,56352.702438,33446.644307,13132.254187,9580.944131,2667.198298
retire-two-years-early,2048,3442665.437413,24258.919351,23438.788031,0.000000,43276.835264,109620.865477,53455.493492,32084.174146,12530.146184,8969.745570,2440.814869
retire-two-years-early,2049,3498342.916944,24264.627825,23446.081795,0.000000,24489.648403,62032.642562,30073.234233,18253.215304,7090.603382,4980.376086,1324.721466
retire-two-years-early,2050,3582139.456992,23349.561280,22010.931326,0.000000,20701.304828,52436.712109,25272.956234,15512.293126,5993.746403,4130.781932,1073.995401
retire-two-years-early,2051,3666553.754314,24178.995804,22834.484410,0.000000,21464.896578,54370.901336,26052.407533,16170.689513,6214.832723,4202.602435,1068.061299
retire-two-years-early,2052,3751489.784956,25030.168829,23680.600156,0.000000,22251.444276,56363.238319,26849.611485,16853.084528,6442.565587,4274.670771,1061.911346
retire-two-years-early,2053,3836841.727723,25903.425962,24549.422735,0.000000,23061.575680,58415.313178,27664.926191,17560.287702,6677.126753,4346.987616,1055.557050
retire-two-years-early,2054,3915722.626216,33079.090150,15257.658638,0.000000,14244.048075,100363.858258,16987.704878,10904.293601,4124.146406,2634.436991,625.300595
retire-two-years-early,2055,3994366.258712,33898.054761,15481.756409,0.000000,14953.590433,102881.689949,17729.949402,11508.826503,4329.583551,2713.656204,629.598334
retire-two-years-early,2056,4069703.803824,37613.824072,9876.584702,0.000000,10535.606690,93602.166418,44986.483752,8152.044971,3050.423885,1875.961204,425.441955
retire-two-years-early,2057,4144259.596217,38650.694719,9825.007769,0.000000,11041.521441,96592.976271,46178.029663,8589.292518,3196.903769,1929.070868,427.634134
retire-two-years-early,2058,4217826.674278,39720.024352,9798.339618,0.000000,11604.865766,99714.234753,47268.448152,9075.907279,3360.011508,1989.364405,431.068455
retire-two-years-early,2059,4290214.487254,40791.660617,9710.600230,0.000000,12167.114157,102835.512036,48495.203977,9566.629786,3522.801935,2046.523630,433.467341
retire-two-years-early,2060,4361217.671276,41865.670679,9688.957883,0.000000,12840.812698,105747.900103,49814.525643,10150.451303,3717.861051,2119.222963,438.756928
retire-two-years-early,2061,4430550.938829,43001.329405,9584.632429,0.000000,13480.409406,108992.451316,51080.330277,10713.154761,3903.046502,2182.941922,441.771033
retire-two-years-early,2062,4498027.232595,44085.631801,9581.752201,0.000000,14292.820396,112016.301277,52264.918635,11419.673544,4138.267686,2270.973124,449.236224
retire-two-years-early,2063,4563198.350703,45350.108281,9543.137227,0.000000,15045.661493,115383.682554,53569.280842,12085.607756,4356.241320,2345.634302,453.555874
retire-two-years-early,2064,4625782.496732,46607.641486,9681.663393,0.000000,16031.822649,118463.840893,54773.785998,12946.773912,4641.769209,2452.374979,463.516380
retire-two-years-early,2065,4685443.050134,47890.429021,9783.223552,0.000000,17054.498288,121435.780010,56184.373523,13846.469959,4937.869309,2559.751956,472.915787
retire-two-years-early,2066,4741825.414645,49190.261107,9965.439335,0.000000,18243.497635,124444.462041,57356.331065,14891.199451,5282.125897,2686.717472,485.194251
retire-two-years-early,2067,4814367.160893,37526.811185,4922.465257,0.000000,15109.671069,121476.767048,55892.924544,12399.324950,4374.774314,2183.352532,385.411997
retire-two-years-early,2068,4863392.508109,60450.115250,12808.261930,0.000000,21266.978647,130141.355644,59920.629989,17545.683159,6157.528611,3015.293616,520.281869
retire-two-years-early,2069,4908419.080346,61575.265952,13152.351753,0.000000,23117.300114,132127.680688,60705.318392,19174.456139,6693.260911,3215.998841,542.416242
retire-two-years-early,2070,4949033.707981,62697.574065,13464.323871,0.000000,25099.005297,133750.402227,61721.741000,20929.743669,7267.033357,3426.022744,564.826107
retire-two-years-early,2071,4984919.861436,63694.204776,13843.967878,0.000000,27419.341463,135122.949095,62264.741902,22987.189451,7938.851229,3672.363910,591.804072
retire-two-years-early,2072,5116786.786945,37084.835379,957.243872,0.000000,2018.142809,115595.852343,52033.287421,1700.991744,584.322404,265.213450,41.776832
claim-social-security-at-62,2026,886906.100000,39232.000000,0.000000,0.000000,0.000000,0.000000,0.000000,0.000000,0.000000,0.000000,0.000000
claim-social-security-at-62,2027,1003489.519670,40027.576000,0.000000,0.000000,0.000000,0.000000,0.000000,0.000000,0.000000,0.000000,0.000000
claim-social-security-at-62,2028,1130103.547429,40813.950800,0.000000,0.000000,0.000000,0.000000,0.000000,0.000000,0.000000,0.000000,0.000000
claim-social-security-at-62,2029,1277819.442261,41616.323769,0.000000,0.000000,0.000000,0.000000,0.000000,0.000000,0.000000,0.000000,0.000000
claim-social-security-at-62,2030,1437781.614624,42429.198597,0.000000,0.000000,0.000000,0.000000,0.000000,0.000000,0.000000,0.000000,0.000000
claim-social-security-at-62,2031,1611577.159770,43645.856108,392.273003,102.972273,261.314219,662.759939,366.962788,152.428731,30.852200,55.559200,40.684942
claim-social-security-at-62,2032,1799018.444386,44686.483570,132.126130,34.575523,88.817608,224.127716,121.627515,52.511187,13.025153,19.232760,12.588719
claim-social-security-at-62,2033,2000776.118753,46011.558148,124.820453,32.564706,84.453976,212.459486,113.187574,50.664644,14.575973,18.570111,10.956885
claim-social-security-at-62,2034,2217834.866735,47351.861738,349.021680,90.788949,237.202114,595.826629,312.062866,144.495539,46.573708,53.509630,28.301068
claim-social-security-at-62,2035,2451494.562635,48482.827365,59.957270,15.551880,40.861970,102.617177,52.901620,25.245220,8.876800,9.416040,4.501648
claim-social-security-at-62,2036,2702609.705644,49908.438028,33.235074,8.596880,22.682860,57.009726,28.959074,14.219947,5.368781,5.323000,2.315542
claim-social-security-at-62,2037,2971441.702893,51382.542509,0.000000,0.000000,0.000000,0.000000,0.000000,0.000000,0.000000,0.000000,0.000000
claim-social-security-at-62,2038,3259905.128670,52922.962653,0.000000,0.000000,0.000000,0.000000,0.000000,0.000000,0.000000,0.000000,0.000000
claim-social-security-at-62,2039,3569490.584642,54512.183559,0.000000,0.000000,0.000000,0.000000,0.000000,0.000000,0.000000,0.000000,0.000000
claim-social-security-at-62,2040,3900291.761529,56151.298333,0.000000,0.000000,0.000000,0.000000,0.000000,0.000000,0.000000,0.000000,0.000000
claim-social-security-at-62,2041,4254964.660768,64267.507802,0.000000,0.000000,0.000000,0.000000,0.000000,0.000000,0.000000,0.000000,0.000000
claim-social-security-at-62,2042,4480436.259903,48124.103425,15440.059412,0.000000,13964.335528,35632.976569,17143.104769,9648.262238,4421.805123,3425.943319,967.239679
claim-social-security-at-62,2043,4661449.259128,45825.419477,20961.861403,0.000000,19711.680142,50298.550565,24522.608101,14061.923005,6241.701087,4745.024953,1309.483859
claim-social-security-at-62,2044,4871238.315851,33656.430026,13543.178662,0.000000,15506.174785,39567.307855,19433.090775,11315.198651,4910.028334,3662.473504,987.970231
claim-social-security-at-62,2045,4996748.288120,22125.906047,21292.076462,0.000000,26885.384988,68603.786515,33497.639320,19724.010430,8513.253843,6230.760176,1642.926449
claim-social-security-at-62,2046,5124810.890294,22371.536472,21538.316070,0.000000,27757.848147,70830.062103,34383.056097,20473.222916,8789.519194,6311.978783,1626.860574
claim-social-security-at-62,2047,5254999.470273,23028.057048,22195.443875,0.000000,28722.859232,73292.493438,35370.979619,21298.525843,9095.089835,6408.588170,1614.562593
claim-social-security-at-62,2048,5387275.401001,23700.827306,22868.822684,0.000000,29716.913351,75829.034261,36381.772525,22153.738712,9409.856950,6505.689791,1602.114651
claim-social-security-at-62,2049,5521592.726903,24390.073557,23558.678704,0.000000,30740.830130,78441.776021,37415.924902,23039.888774,9734.080071,6603.287454,1589.527927
claim-social-security-at-62,2050,5657896.941487,25096.604744,24265.820779,0.000000,31795.547819,81133.112865,38474.053463,23958.110022,10068.056298,6701.405280,1576.817971
claim-social-security-at-62,2051,5796117.146046,25827.969679,24997.797635,0.000000,32883.136825,83908.327877,39558.116910,24910.413597,10412.441222,6800.295269,1564.051921
claim-social-security-at-62,2052,5936178.513466,26578.870266,25749.311146,0.000000,34003.583943,86767.387357,40667.530560,25897.261867,10767.230664,6899.763159,1551.191077
claim-social-security-at-62,2053,6077995.910549,27349.629025,26520.683771,0.000000,35157.822213,89712.672163,41802.842293,26919.846313,11132.720070,6999.812623,1538.244062
claim-social-security-at-62,2054,6212368.484114,36563.483276,14868.179064,0.000000,20911.417278,155283.391949,24718.838055,16097.392540,6621.597703,4085.101732,877.504652
claim-social-security-at-62,2055,6347490.398858,37456.978339,15083.697695,0.000000,21883.501441,159248.352487,25717.108307,16935.980077,6929.408034,4194.606053,880.735392
claim-social-security-at-62,2056,6478331.553710,43165.221172,11702.712018,0.000000,14936.087851,144898.137983,68417.324995,11621.223065,4729.510377,2809.093442,576.538314
claim-social-security-at-62,2057,6609198.635534,44399.409378,11757.775498,0.000000,15542.933205,149591.474435,70248.831457,12158.203678,4921.667884,2868.251744,575.422676
claim-social-security-at-62,2058,6739866.641436,45666.430546,11828.343835,0.000000,16216.882806,154512.398933,71929.134454,12753.379055,5135.073942,2936.341905,575.816423
claim-social-security-at-62,2059,6870104.832795,46954.741904,11848.843466,0.000000,16870.936149,159474.712669,73840.574273,13338.854255,5342.179852,2997.321892,574.537696
claim-social-security-at-62,2060,6999701.593796,48228.883194,11907.085120,0.000000,17673.330151,164132.320374,75909.655141,14048.151814,5596.257814,3080.828715,577.245312
claim-social-security-at-62,2061,7128305.342997,49602.402345,11910.708645,0.000000,18393.405060,169363.684430,77912.485618,14698.885005,5824.269445,3146.054612,576.191486
claim-social-security-at-62,2062,7255743.814159,50880.310714,11956.254330,0.000000,19352.477691,174281.439853,79802.891480,15548.206092,6127.959675,3247.847708,581.438727
claim-social-security-at-62,2063,7381571.696402,52304.779658,11921.548182,0.000000,20150.086875,179761.096499,81882.340810,16275.790530,6380.522525,3318.111406,580.640039
claim-social-security-at-62,2064,7505584.132474,53617.344174,11940.826840,0.000000,21251.862615,184809.523895,83812.884020,17257.728188,6729.399677,3433.728866,587.340210
claim-social-security-at-62,2065,7627407.460653,54961.060002,11912.951816,0.000000,22358.963910,189759.916969,86103.890533,18254.071848,7079.963166,3544.668565,592.662006
claim-social-security-at-62,2066,7746703.641194,56272.740364,11896.293444,0.000000,23657.662126,194838.027605,88041.602860,19417.859818,7491.195796,3680.024780,601.436685
claim-social-security-at-62,2067,7924500.538208,44381.508652,3641.335199,0.000000,11165.465406,182434.322320,81892.268426,9213.567516,3535.543245,1704.161335,272.243549
claim-social-security-at-62,2068,8093728.401669,70885.052095,8403.197366,0.000000,13953.995942,191315.578684,85642.142769,11576.333786,4418.531095,2089.716774,326.318756
claim-social-security-at-62,2069,8264141.784712,72655.710240,8522.080862,0.000000,14980.796944,196376.239003,87653.614769,12494.785976,4743.667506,2201.297361,336.001363
claim-social-security-at-62,2070,8435552.472766,74492.463089,8596.576878,0.000000,16027.773312,201159.298141,90189.513369,13439.668333,5075.192443,2310.851012,344.779941
claim-social-security-at-62,2071,8607959.091561,76200.660894,8792.896231,0.000000,17419.189568,205877.614715,92096.018035,14684.689269,5515.784230,2464.232377,359.384566
claim-social-security-at-62,2072,8897439.533806,58806.932751,0.000000,0.000000,0.000000,196246.163366,86743.505684,0.000000,0.000000,0.000000,0.000000
leaner-retirement,2026,886906.100000,39232.000000,0.000000,0.000000,0.000000,0.000000,0.000000,0.000000,0.000000,0.000000,0.000000
leaner-retirement,2027,1003489.519670,40027.576000,0.000000,0.000000,0.000000,0.000000,0.000000,0.000000,0.000000,0.000000,0.000000
leaner-retirement,2028,1130103.547429,40813.950800,0.000000,0.000000,0.000000,0.000000,0.000000,0.000000,0.000000,0.000000,0.000000
leaner-retirement,2029,1277819.442261,41616.323769,0.000000,0.000000,0.000000,0.000000,0.000000,0.000000,0.000000,0.000000,0.000000
leaner-retirement,2030,1437781.614624,42429.198597,0.000000,0.000000,0.000000,0.000000,0.000000,0.000000,0.000000,0.000000,0.000000
leaner-retirement,2031,1611577.159770,43645.856108,392.273003,102.972273,261.314219,662.759939,366.962788,152.428731,30.852200,55.559200,40.684942
leaner-retirement,2032,1799018.444386,44686.483570,132.126130,34.575523,88.817608,224.127716,121.627515,52.511187,13.025153,19.232760,12.588719
leaner-retirement,2033,2000776.118753,46011.558148,124.820453,32.564706,84.453976,212.459486,113.187574,50.664644,14.575973,18.570111,10.956885
leaner-retirement,2034,2217834.866735,47351.861738,349.021680,90.788949,237.202114,595.826629,312.062866,144.495539,46.573708,53.509630,28.301068
leaner-retirement,2035,2451494.562635,48482.827365,59.957270,15.551880,40.861970,102.617177,52.901620,25.245220,8.876800,9.416040,4.501648
leaner-retirement,2036,2702609.705644,49908.438028,33.235074,8.596880,22.682860,57.009726,28.959074,14.219947,5.368781,5.323000,2.315542
leaner-retirement,2037,2971441.702893,51382.542509,0.000000,0.000000,0.000000,0.000000,0.000000,0.000000,0.000000,0.000000,0.000000
leaner-retirement,2038,3259905.128670,52922.962653,0.000000,0.000000,0.000000,0.000000,0.000000,0.000000,0.000000,0.000000,0.000000
leaner-retirement,2039,3569490.584642,54512.183559,0.000000,0.000000,0.000000,0.000000,0.000000,0.000000,0.000000,0.000000,0.000000
leaner-retirement,2040,3900291.761529,56151.298333,0.000000,0.000000,0.000000,0.000000,0.000000,0.000000,0.000000,0.000000,0.000000
leaner-retirement,2041,4254964.660768,57843.462855,0.000000,0.000000,0.000000,0.000000,0.000000,0.000000,0.000000,0.000000,0.000000
leaner-retirement,2042,4469718.952506,41131.568253,15700.784207,0.000000,15619.265616,39855.883197,19174.754597,10791.689323,4945.838532,3831.955955,1081.868409
leaner-retirement,2043,4638595.906025,36251.446152,17682.307844,0.000000,21474.118665,54795.787865,26716.410374,15320.177525,6799.777028,5169.281775,1426.565954
leaner-retirement,2044,4805050.967456,25143.362829,14268.961759,0.000000,21926.045476,55948.975385,27481.798637,16002.268457,6942.879597,5178.811778,1397.009934
leaner-retirement,2045,4879062.788072,17340.282143,16507.022554,0.000000,34157.223090,87159.430367,42562.598745,25062.549833,10815.880481,7916.028185,2087.297811
leaner-retirement,2046,4951012.412480,17447.927580,16615.679621,0.000000,35261.199037,89976.460147,43682.088531,26011.250363,11165.454328,8018.198637,2066.624697
leaner-retirement,2047,5020141.426070,17961.930377,17130.696088,0.000000,36464.707404,93047.468101,44909.662326,27043.216317,11546.545105,8135.934191,2049.745537
leaner-retirement,2048,5109224.082500,18382.346862,17552.131663,0.000000,34133.803809,87099.671084,41793.859891,25450.232417,10808.464769,7472.644831,1840.240490
leaner-retirement,2049,5329686.806706,15577.615487,14748.255397,0.000000,14785.560661,37728.507423,17998.086299,11083.229291,4681.845961,3176.014011,764.522672
leaner-retirement,2050,5593009.558720,11931.094042,10532.490462,0.000000,10321.431119,26337.330014,12490.769354,7778.393236,3268.279892,2175.401833,511.864685
leaner-retirement,2051,5870150.066951,12395.167152,10986.908102,0.000000,10753.027676,27438.640561,12937.214296,8147.084034,3404.944888,2223.746585,511.456486
leaner-retirement,2052,6161901.184416,12871.252111,11454.111578,0.000000,11197.691645,28573.295395,13393.659392,8529.457159,3545.747679,2272.155206,510.821430
leaner-retirement,2053,6469103.934726,13359.398511,11933.947995,0.000000,11655.755905,29742.143923,13860.277586,8925.956950,3690.793670,2320.624606,509.968939
leaner-retirement,2054,6775488.367580,29888.596486,0.000000,0.000000,0.000000,110786.288839,0.000000,0.000000,0.000000,0.000000,0.000000
leaner-retirement,2055,7096678.926929,31608.650259,0.000000,0.000000,0.000000,117324.082238,0.000000,0.000000,0.000000,0.000000,0.000000
leaner-retirement,2056,7419086.624103,47243.813691,0.000000,0.000000,0.000000,123684.430793,57377.665480,0.000000,0.000000,0.000000,0.000000
leaner-retirement,2057,7756655.866595,49793.274059,0.000000,0.000000,0.000000,130940.490366,60409.433536,0.000000,0.000000,0.000000,0.000000
leaner-retirement,2058,8110207.111765,52428.921188,0.000000,0.000000,0.000000,138595.234198,63313.069675,0.000000,0.000000,0.000000,0.000000
leaner-retirement,2059,8480508.433392,55251.168294,0.000000,0.000000,0.000000,146666.348245,66636.631710,0.000000,0.000000,0.000000,0.000000
leaner-retirement,2060,8868618.826908,58033.193505,0.000000,0.000000,0.000000,154371.623613,70121.001178,0.000000,0.000000,0.000000,0.000000
leaner-retirement,2061,9275243.827512,61171.624825,0.000000,0.000000,0.000000,163286.793487,73771.910117,0.000000,0.000000,0.000000,0.000000
leaner-retirement,2062,9701727.811154,64106.786676,0.000000,0.000000,0.000000,171693.295778,77194.926746,0.000000,0.000000,0.000000,0.000000
leaner-retirement,2063,10148745.719139,67551.929143,0.000000,0.000000,0.000000,181508.940179,81177.016611,0.000000,0.000000,0.000000,0.000000
leaner-retirement,2064,10617833.226647,70736.818097,0.000000,0.000000,0.000000,190621.823407,84858.646559,0.000000,0.000000,0.000000,0.000000
leaner-retirement,2065,11110103.944732,74154.374814,0.000000,0.000000,0.000000,200058.857757,89186.993155,0.000000,0.000000,0.000000,0.000000
leaner-retirement,2066,11627001.252914,77559.654497,0.000000,0.000000,0.000000,209807.559179,93118.690265,0.000000,0.000000,0.000000,0.000000
leaner-retirement,2067,12176714.544087,64617.546013,0.000000,0.000000,0.000000,218244.273366,97158.938701,0.000000,0.000000,0.000000,0.000000
leaner-retirement,2068,12721725.597350,95193.598048,0.000000,0.000000,0.000000,228504.291938,101299.393862,0.000000,0.000000,0.000000,0.000000
leaner-retirement,2069,13294274.849267,98482.829324,0.000000,0.000000,0.000000,237038.552645,104758.509369,0.000000,0.000000,0.000000,0.000000
leaner-retirement,2070,13895829.740255,101991.819300,0.000000,0.000000,0.000000,245514.226805,109043.944483,0.000000,0.000000,0.000000,0.000000
leaner-retirement,2071,14528489.043181,105210.991049,0.000000,0.000000,0.000000,253851.480757,112457.109326,0.000000,0.000000,0.000000,0.000000
leaner-retirement,2072,15256733.921778,92842.437795,0.000000,0.000000,0.000000,261952.107712,115799.139038,0.000000,0.000000,0.000000,0.000000
sell-the-house-at-retirement,2026,886906.100000,39232.000000,0.000000,0.000000,0.000000,0.000000,0.000000,0.000000,0.000000,0.000000,0.000000
sell-the-house-at-retirement,2027,1003489.519670,40027.576000,0.000000,0.000000,0.000000,0.000000,0.000000,0.000000,0.000000,0.000000,0.000000
sell-the-house-at-retirement,2028,1130103.547429,40813.950800,0.000000,0.000000,0.000000,0.000000,0.000000,0.000000,0.000000,0.000000,0.000000
sell-the-house-at-retirement,2029,1277819.442261,41616.323769,0.000000,0.000000,0.000000,0.000000,0.000000,0.000000,0.000000,0.000000,0.000000
sell-the-house-at-retirement,2030,1437781.614624,42429.198597,0.000000,0.000000,0.000000,0.000000,0.000000,0.000000,0.000000,0.000000,0.000000
sell-the-house-at-retirement,2031,1611577.159770,43645.856108,392.273003,102.972273,261.314219,662.759939,366.962788,152.428731,30.852200,55.559200,40.684942
sell-the-house-at-retirement,2032,1799018.444386,44686.483570,132.126130,34.575523,88.817608,224.127716,121.627515,52.511187,13.025153,19.232760,12.588719
sell-the-house-at-retirement,2033,2000776.118753,46011.558148,124.820453,32.564706,84.453976,212.459486,113.187574,50.664644,14.575973,18.570111,10.956885
sell-the-house-at-retirement,2034,2217834.866735,47351.861738,349.021680,90.788949,237.202114,595.826629,312.062866,144.495539,46.573708,53.509630,28.301068
sell-the-house-at-retirement,2035,2451494.562635,48482.827365,59.957270,15.551880,40.861970,102.617177,52.901620,25.245220,8.876800,9.416040,4.501648
sell-the-house-at-retirement,2036,2702609.705644,49908.438028,33.235074,8.596880,22.682860,57.009726,28.959074,14.219947,5.368781,5.323000,2.315542
sell-the-house-at-retirement,2037,2971441.702893,51382.542509,0.000000,0.000000,0.000000,0.000000,0.000000,0.000000,0.000000,0.000000,0.000000
sell-the-house-at-retirement,2038,3259905.128670,52922.962653,0.000000,0.000000,0.000000,0.000000,0.000000,0.000000,0.000000,0.000000,0.000000
sell-the-house-at-retirement,2039,3569490.584642,54512.183559,0.000000,0.000000,0.000000,0.000000,0.000000,0.000000,0.000000,0.000000,0.000000
sell-the-house-at-retirement,2040,3900291.761529,56151.298333,0.000000,0.000000,0.000000,0.000000,0.000000,0.000000,0.000000,0.000000,0.000000
sell-the-house-at-retirement,2041,4254964.660768,57843.462855,0.000000,0.000000,0.000000,0.000000,0.000000,0.000000,0.000000,0.000000,0.000000
sell-the-house-at-retirement,2042,5031486.072779,44502.942824,19072.158778,0.000000,33523.604365,47636.430403,22917.993270,12898.410878,5911.350448,4580.019021,1293.067548
sell-the-house-at-retirement,2043,5186937.845506,41180.612310,22612.166735,0.000000,46118.734819,65533.881068,31954.604052,18324.548894,8132.299880,6182.283534,1706.123905
sell-the-house-at-retirement,2044,5339325.703423,28680.489386,17807.711855,0.000000,46775.801162,66467.560358,32655.727520,19016.393247,8248.163000,6152.444831,1659.652236
sell-the-house-at-retirement,2045,5398727.010271,19301.509653,18468.925484,0.000000,66152.593447,94001.628804,45914.064697,27038.042467,11664.949827,8537.453032,2251.155075
sell-the-house-at-retirement,2046,5453639.559106,19536.609154,18705.194318,0.000000,68288.227999,97036.326552,47120.018066,28060.517113,12041.534759,8647.334425,2228.779268
sell-the-house-at-retirement,2047,5503113.722380,20174.867720,19344.625914,0.000000,70591.702993,100309.522507,48425.487561,29162.512755,12447.715663,8770.917581,2209.721557
sell-the-house-at-retirement,2048,5569444.683400,20979.169333,20150.107245,0.000000,67358.198027,95714.770923,45937.942642,27975.844077,11877.538876,8211.770255,2022.260184
sell-the-house-at-retirement,2049,5759701.382694,22460.324618,21632.300878,0.000000,38122.507462,54171.387828,25847.781683,15918.262141,6722.293317,4560.187999,1097.717800
sell-the-house-at-retirement,2050,5987046.366464,21037.848910,19647.865558,0.000000,32013.789277,45491.010698,21579.413587,13439.178803,5645.118751,3757.451039,884.115507
sell-the-house-at-retirement,2051,6223997.345509,21872.660887,20474.899377,0.000000,33211.493232,47192.926175,22256.234942,14016.691293,5856.314651,3824.719676,879.676532
sell-the-house-at-retirement,2052,6471025.779701,22727.985346,21323.238753,0.000000,34444.767994,48945.387119,22948.129739,14615.101158,6073.782894,3892.148757,875.025168
sell-the-house-at-retirement,2053,6728629.274566,23604.129464,22192.988819,0.000000,35714.583658,50749.772018,23655.403607,15235.110530,6297.694538,3959.740427,870.172893
sell-the-house-at-retirement,2054,6985469.290565,35539.381474,8048.621877,0.000000,13434.557760,120157.041481,8846.447071,5761.623141,2368.968986,1461.502154,313.939535
sell-the-house-at-retirement,2055,7252781.913964,36748.606408,7898.834463,0.000000,13677.713147,124889.969042,8954.054592,5897.343446,2411.845542,1459.972029,306.548224
sell-the-house-at-retirement,2056,7525452.287762,43505.814994,795.905664,0.000000,1259.474587,113576.634221,52756.989303,545.951161,222.088162,131.909299,27.073063
sell-the-house-at-retirement,2057,7809093.718243,45204.132813,231.024537,0.000000,377.212684,118948.349307,54905.859983,164.388764,66.515412,38.763881,7.776729
sell-the-house-at-retirement,2058,8103830.314413,47334.829238,0.000000,0.000000,0.000000,125403.482029,57299.558892,0.000000,0.000000,0.000000,0.000000
sell-the-house-at-retirement,2059,8409824.872156,49870.449373,0.000000,0.000000,0.000000,132706.372429,60307.447146,0.000000,0.000000,0.000000,0.000000
sell-the-house-at-retirement,2060,8727717.107339,52370.998624,0.000000,0.000000,0.000000,139678.245356,63460.869252,0.000000,0.000000,0.000000,0.000000
sell-the-house-at-retirement,2061,9057806.721990,55193.366035,0.000000,0.000000,0.000000,147744.852779,66765.012817,0.000000,0.000000,0.000000,0.000000
sell-the-house-at-retirement,2062,9400948.006617,57830.950203,0.000000,0.000000,0.000000,155351.208547,69862.909412,0.000000,0.000000,0.000000,0.000000
sell-the-house-at-retirement,2063,9757364.365091,60929.077216,0.000000,0.000000,0.000000,164232.581658,73466.778153,0.000000,0.000000,0.000000,0.000000
sell-the-house-at-retirement,2064,10128029.744236,63792.133349,0.000000,0.000000,0.000000,172478.083710,76798.724829,0.000000,0.000000,0.000000,0.000000
sell-the-house-at-retirement,2065,10513510.269190,66863.485082,0.000000,0.000000,0.000000,181016.883578,80715.962644,0.000000,0.000000,0.000000,0.000000
sell-the-house-at-retirement,2066,10914636.629598,69924.663373,0.000000,0.000000,0.000000,189837.685468,84274.224962,0.000000,0.000000,0.000000,0.000000
sell-the-house-at-retirement,2067,11355663.671022,56668.688234,0.000000,0.000000,0.000000,197471.377506,87930.728341,0.000000,0.000000,0.000000,0.000000
sell-the-house-at-retirement,2068,11789663.156086,86252.907645,0.000000,0.000000,0.000000,206754.828427,91677.920754,0.000000,0.000000,0.000000,0.000000
sell-the-house-at-retirement,2069,12242368.317647,89217.509061,0.000000,0.000000,0.000000,214476.782327,94808.487534,0.000000,0.000000,0.000000,0.000000
sell-the-house-at-retirement,2070,12714638.247810,92381.150790,0.000000,0.000000,0.000000,222145.726057,98686.889624,0.000000,0.000000,0.000000,0.000000
sell-the-house-at-retirement,2071,13207871.856927,95282.232266,0.000000,0.000000,0.000000,229689.424671,101775.870160,0.000000,0.000000,0.000000,0.000000
sell-the-house-at-retirement,2072,13811448.416611,82853.277263,0.000000,0.000000,0.000000,237019.018886,104800.472020,0.000000,0.000000,0.000000,0.000000
retire-at-55-on-a-bridge,2026,886906.100000,39232.000000,0.000000,0.000000,0.000000,0.000000,0.000000,0.000000,0.000000,0.000000,0.000000
retire-at-55-on-a-bridge,2027,1003489.519670,40027.576000,0.000000,0.000000,0.000000,0.000000,0.000000,0.000000,0.000000,0.000000,0.000000
retire-at-55-on-a-bridge,2028,1130103.547429,40813.950800,0.000000,0.000000,0.000000,0.000000,0.000000,0.000000,0.000000,0.000000,0.000000
retire-at-55-on-a-bridge,2029,1277819.442261,41616.323769,0.000000,0.000000,0.000000,0.000000,0.000000,0.000000,0.000000,0.000000,0.000000
retire-at-55-on-a-bridge,2030,1437781.614624,42429.198597,0.000000,0.000000,0.000000,0.000000,0.000000,0.000000,0.000000,0.000000,0.000000
retire-at-55-on-a-bridge,2031,1611899.551629,43337.917357,84.334252,0.000000,1262.623267,0.000000,0.000000,0.000000,0.000000,0.000000,0.000000
retire-at-55-on-a-bridge,2032,1799463.238017,44584.955982,30.383725,0.000000,430.403070,0.000000,0.000000,0.000000,0.000000,0.000000,0.000000
retire-at-55-on-a-bridge,2033,2001341.620702,45917.589550,30.566274,0.000000,410.900051,0.000000,0.000000,0.000000,0.000000,0.000000,0.000000
retire-at-55-on-a-bridge,2034,2072151.776333,15912.270852,1493.377886,0.000000,81631.850832,0.000000,0.000000,0.000000,0.000000,0.000000,0.000000
retire-at-55-on-a-bridge,2035,2024743.840857,4071.242062,3242.433211,0.000000,163520.395063,0.000000,0.000000,0.000000,0.000000,0.000000,0.000000
retire-at-55-on-a-bridge,2036,1962870.676668,9342.845841,8513.300813,0.000000,115237.014806,58878.458626,0.000000,0.000000,0.000000,0.000000,0.000000
retire-at-55-on-a-bridge,2037,1864147.632446,34632.212591,33801.916662,0.000000,0.000000,204888.019009,0.000000,0.000000,0.000000,0.000000,0.000000
retire-at-55-on-a-bridge,2038,1751848.366999,35665.611365,34834.549518,0.000000,0.000000,211569.091976,0.000000,0.000000,0.000000,0.000000,0.000000
retire-at-55-on-a-bridge,2039,1624888.234076,36731.376295,35899.533211,0.000000,0.000000,218451.961324,0.000000,0.000000,0.000000,0.000000,0.000000
retire-at-55-on-a-bridge,2040,1482107.510342,37829.974398,36997.334452,0.000000,0.000000,225542.176978,0.000000,0.000000,0.000000,0.000000,0.000000
retire-at-55-on-a-bridge,2041,1341666.269531,24202.297844,23368.845100,0.000000,0.000000,64878.919521,105159.447302,0.000000,0.000000,0.000000,48047.499678
retire-at-55-on-a-bridge,2042,1168966.392563,39785.163029,38993.163029,0.000000,0.000000,54363.973697,185661.265050,0.000000,0.000000,0.000000,0.000000
retire-at-55-on-a-bridge,2043,978156.874475,40978.724713,40186.724713,0.000000,0.000000,56371.401624,191394.601078,0.000000,0.000000,0.000000,0.000000
retire-at-55-on-a-bridge,2044,816406.010148,29630.007258,28838.007258,0.000000,0.000000,47986.719785,161976.739108,0.000000,0.000000,0.000000,0.000000
retire-at-55-on-a-bridge,2045,663041.295919,17968.040239,17176.040239,0.000000,0.000000,32203.617823,108067.969001,41318.332477,11263.786776,0.000000,0.000000
retire-at-55-on-a-bridge,2046,511290.425651,792.000000,0.000000,0.000000,0.000000,0.000000,0.000000,142755.216697,38709.019117,0.000000,0.000000
retire-at-55-on-a-bridge,2047,342726.898913,792.000000,0.000000,0.000000,0.000000,0.000000,0.000000,147611.855802,39812.547086,0.000000,0.000000
retire-at-55-on-a-bridge,2048,179201.585629,792.000000,0.000000,0.000000,0.000000,0.000000,0.000000,135497.255812,36350.280529,0.000000,0.000000
retire-at-55-on-a-bridge,2049,128877.780454,792.000000,0.000000,0.000000,0.000000,0.000000,0.000000,30596.277988,8164.402546,16935.605187,0.000000
retire-at-55-on-a-bridge,2050,101271.227828,1203.773959,0.000000,0.000000,0.000000,0.000000,0.000000,0.000000,0.000000,31828.208986,0.000000
retire-at-55-on-a-bridge,2051,70933.146514,1211.877178,0.000000,0.000000,0.000000,0.000000,0.000000,0.000000,0.000000,33295.045255,0.000000
retire-at-55-on-a-bridge,2052,37699.891382,1219.173493,0.000000,0.000000,0.000000,0.000000,0.000000,0.000000,0.000000,34804.836613,0.000000
retire-at-55-on-a-bridge,2053,1399.119239,1225.863698,0.000000,0.000000,0.000000,0.000000,0.000000,0.000000,0.000000,36359.096711,0.000000
retire-at-55-on-a-bridge,2054,0.000000,1232.154609,0.000000,0.000000,0.000000,0.000000,0.000000,0.000000,0.000000,1399.119239,0.000000
retire-at-55-on-a-bridge,2055,0.000000,1240.759247,0.000000,0.000000,0.000000,0.000000,0.000000,0.000000,0.000000,0.000000,0.000000
retire-at-55-on-a-bridge,2056,0.000000,1246.897025,0.000000,0.000000,0.000000,0.000000,0.000000,0.000000,0.000000,0.000000,0.000000
retire-at-55-on-a-bridge,2057,0.000000,1253.293935,0.000000,0.000000,0.000000,0.000000,0.000000,0.000000,0.000000,0.000000,0.000000
retire-at-55-on-a-bridge,2058,0.000000,1267.682753,0.000000,0.000000,0.000000,0.000000,0.000000,0.000000,0.000000,0.000000,0.000000
retire-at-55-on-a-bridge,2059,0.000000,1270.303236,0.000000,0.000000,0.000000,0.000000,0.000000,0.000000,0.000000,0.000000,0.000000
retire-at-55-on-a-bridge,2060,0.000000,1281.402333,0.000000,0.000000,0.000000,0.000000,0.000000,0.000000,0.000000,0.000000,0.000000
retire-at-55-on-a-bridge,2061,0.000000,1291.234403,0.000000,0.000000,0.000000,0.000000,0.000000,0.000000,0.000000,0.000000,0.000000
retire-at-55-on-a-bridge,2062,0.000000,1300.061435,0.000000,0.000000,0.000000,0.000000,0.000000,0.000000,0.000000,0.000000,0.000000
retire-at-55-on-a-bridge,2063,0.000000,1308.153278,0.000000,0.000000,0.000000,0.000000,0.000000,0.000000,0.000000,0.000000,0.000000
retire-at-55-on-a-bridge,2064,0.000000,1320.787877,0.000000,0.000000,0.000000,0.000000,0.000000,0.000000,0.000000,0.000000,0.000000
retire-at-55-on-a-bridge,2065,0.000000,1325.751513,0.000000,0.000000,0.000000,0.000000,0.000000,0.000000,0.000000,0.000000,0.000000
retire-at-55-on-a-bridge,2066,0.000000,1338.339058,0.000000,0.000000,0.000000,0.000000,0.000000,0.000000,0.000000,0.000000,0.000000
retire-at-55-on-a-bridge,2067,0.000000,792.000000,0.000000,0.000000,0.000000,0.000000,0.000000,0.000000,0.000000,0.000000,0.000000
retire-at-55-on-a-bridge,2068,0.000000,3064.404291,0.000000,0.000000,0.000000,0.000000,0.000000,0.000000,0.000000,0.000000,0.000000
retire-at-55-on-a-bridge,2069,0.000000,3104.201419,0.000000,0.000000,0.000000,0.000000,0.000000,0.000000,0.000000,0.000000,0.000000
retire-at-55-on-a-bridge,2070,0.000000,3145.892462,0.000000,0.000000,0.000000,0.000000,0.000000,0.000000,0.000000,0.000000,0.000000
retire-at-55-on-a-bridge,2071,0.000000,3189.684236,0.000000,0.000000,0.000000,0.000000,0.000000,0.000000,0.000000,0.000000,0.000000
retire-at-55-on-a-bridge,2072,0.000000,528.000000,0.000000,0.000000,0.000000,0.000000,0.000000,0.000000,0.000000,0.000000,0.000000
